{
  "title": "Dashboard",
  "description_html": "Homepage personalizzata",
  "databases": {
    "output": {
      "title": "Database principale",
      "description_html": "<h2>Sezione sesso</h2><ul><li><a href=\"/output/sex\">sex</a></li><li><a href=\"/output/partner\">partner</a></li></ul><h2>Sezione calendario</h2><ul><li><a href=\"/output/calendar_range\">calendar_range</a></li></ul>"
    }
  },
  "extra_css_urls": [
    "/custom/desktop.css",
    "/custom/mobile.css"
  ],
  "extra_js_urls": [
    "/custom/click_to_filter.js",
    "/custom/map_overlay.js",
    "/custom/date_range_filter.js"
  ]
}