{
  "title": "Dashboard",
  "description_html": "Homepage personalizzata",
  "databases": {
    "output": {
      "title": "Database principale",
      "description_html": "<h2>Sezione sesso</h2><ul><li><a href=\"/output/sex\">sex</a></li><li><a href=\"/output/partner\">partner</a></li></ul><h2>Sezione calendario</h2><ul><li><a href=\"/output/calendar_range\">calendar_range</a></li></ul>"
    }
  },
  "extra_css_urls": [
    "/custom/desktop.css?v=4",
    "/custom/mobile.css?v=4",
    "/custom/styles.css?v=4",
    "/custom/date_range_filter.css?v=4",
    "/custom/map_overlay.css"
  ],
  "extra_js_urls": [
    "/custom/formatting.js?v=4",
    "/custom/fix_links.js?v=5",
    "/custom/click_to_filter.js?v=4",
    "/custom/date_range_filter.js?v=4",
    "/custom/timestamp_calendar_button.js?v=1",
    "/custom/timestamp_autosize_config.js",
    "/custom/calendar_range_map.js?v=final1",
    "/custom/map_overlay.js?v=3"
  ]
}