{
  "title": "Dashboard visite",
  "description": "Vista unificata dei luoghi visitati con drill-down verso tabelle specifiche.",
  "databases": {
    "tabelle_ragno": {
      "description": "DB principale",
      "tables": {
        "sex": {
          "pk": "id",
          "label_column": "partner"
        },
        "negozi": {
          "pk": "id",
          "label_column": "spesa"
        },
        "super_v": {
          "description": "Vista unificata; clicca l'icona per aprire il dettaglio."
        },
        "super": {
          "description": "Tabella madre con i campi comuni (inizio, fine, luogo_id, tipo)."
        }
      }
    }
  }
}