"percepito","reale","ratio","quando","tipo"
"3600000","3360000","1,07","15/12/25 18:13:19","T"
"1800000","660000","2,73","15/12/25 16:13:45","T"
"600000","240000","2,5","15/12/25 15:20:48","T"
"1800000","2640000","0,68","11/12/25 12:03:17","T"
"1800000","1860000","0,97","10/12/25 23:29:21","T"
"3600000","2280000","1,58","10/12/25 22:58:02","T"
"3600000","2640000","1,36","10/12/25 20:46:00","T"
"3600000","1920000","1,88","10/12/25 10:40:35","T"
"1200000","300000","4","10/12/25 06:10:51","T"
"2700000","2220000","1,22","10/12/25 03:48:00","T"
"2400000","2280000","1,05","10/12/25 03:10:41","T"
"3600000","1200000","3","10/12/25 02:32:21","T"
"3600000","3180000","1,13","06/12/25 20:03:13","T"
"1500000","2820000","0,53","06/12/25 18:19:35","T"
"1800000","600000","3","04/12/25 18:49:12","T"
"1200000","720000","1,67","01/12/25 18:05:19","T"
"2400000","1320000","1,82","01/12/25 16:19:34","T"
"900000","1080000","0,83","30/11/25 18:04:02","T"
"3600000","420000","8,57","30/11/25 11:51:14","T"
"1200000","1860000","0,65","30/11/25 06:31:12","T"
"900000","840000","1,07","30/11/25 06:05:50","T"
"120000","60000","2","30/11/25 05:51:27","T"
"900000","660000","1,36","30/11/25 05:50:06","T"
"120000","60000","2","30/11/25 05:38:46","T"
"3600000","540000","6,67","30/11/25 05:37:27","T"
"3600000","2640000","1,36","29/11/25 10:18:04","T"
"3600000","2940000","1,22","24/11/25 09:41:58","T"
"1800000","1860000","0,97","24/11/25 08:52:35","T"
"2700000","2280000","1,18","24/11/25 08:20:58","T"
"900000","480000","1,88","24/11/25 04:37:05","T"
"120000","180000","0,67","24/11/25 03:49:10","T"
"180000","180000","1","24/11/25 03:45:37","T"
"3600000","3180000","1,13","22/11/25 14:27:54","T"
"900000","1380000","0,65","22/11/25 11:24:04","T"
"1800000","960000","1,88","22/11/25 11:00:48","T"
"3600000","3480000","1,03","22/11/25 10:44:30","T"
"3600000","1980000","1,82","22/11/25 09:46:09","T"
"3600000","1980000","1,82","22/11/25 07:20:45","T"
"2700000","2100000","1,29","22/11/25 06:45:38","T"
"3600000","2640000","1,36","22/11/25 06:10:17","T"
"3600000","2700000","1,33","22/11/25 05:22:37","T"
"1800000","1560000","1,15","22/11/25 03:35:33","T"
"1800000","1500000","1,2","22/11/25 01:46:13","T"
"2400000","2340000","1,03","21/11/25 22:39:14","T"
"3600000","3060000","1,18","21/11/25 21:59:51","T"
"900000","1620000","0,56","21/11/25 20:38:06","T"
"3600000","2460000","1,46","21/11/25 20:10:42","T"
"1200000","1440000","0,83","21/11/25 19:29:11","T"
"2400000","2640000","0,91","19/11/25 21:34:08","T"
"1200000","1320000","0,91","19/11/25 20:49:48","T"
"2400000","2340000","1,03","19/11/25 20:27:30","T"
"900000","840000","1,07","19/11/25 19:48:01","T"
"300000","180000","1,67","19/11/25 19:33:35","T"
"3600000","1740000","2,07","19/11/25 14:53:27","T"
"2700000","3120000","0,87","19/11/25 14:23:58","T"
"3600000","3480000","1,03","19/11/25 12:38:11","T"
"3600000","3300000","1,09","19/11/25 11:39:52","T"
"2700000","1680000","1,61","19/11/25 08:19:05","T"
"1800000","2580000","0,7","18/11/25 22:57:05","T"
"180000","120000","1,5","18/11/25 22:13:48","T"
"2700000","2820000","0,96","18/11/25 22:11:30","T"
"3600000","2820000","1,28","18/11/25 18:02:36","T"
"300000","420000","0,71","18/11/25 14:16:33","T"
"900000","480000","1,88","18/11/25 14:09:17","T"
"1800000","2640000","0,68","18/11/25 13:32:07","T"
"1800000","1740000","1,03","18/11/25 12:47:25","T"
"3600000","1320000","2,73","18/11/25 11:50:54","T"
"180000","420000","0,43","18/11/25 08:32:37","T"
"3600000","2460000","1,46","13/11/25 19:43:35","T"
"1800000","2280000","0,79","13/11/25 12:33:00","T"
"1200000","720000","1,67","13/11/25 11:54:02","T"
"600000","480000","1,25","13/11/25 11:39:41","T"
"2700000","2100000","1,29","13/11/25 11:31:24","T"
"1800000","1020000","1,76","13/11/25 04:23:26","T"
"600000","2400000","0,25","13/11/25 03:57:49","T"
"300000","240000","1,25","13/11/25 01:44:17","T"
"600000","540000","1,11","13/11/25 00:39:15","T"
"180000","180000","1","13/11/25 00:29:54","T"
"1800000","2580000","0,7","12/11/25 09:00:27","T"
"2700000","2880000","0,94","12/11/25 08:17:03","T"
"600000","240000","2,5","10/11/25 18:15:35","T"
"3600000","2640000","1,36","10/11/25 10:47:24","T"
"60000","60000","1","10/11/25 09:36:27","T"
"1800000","3300000","0,55","10/11/25 03:56:17","T"
"900000","1680000","0,54","10/11/25 00:21:04","T"
"600000","1140000","0,53","09/11/25 16:25:45","T"
"600000","360000","1,67","08/11/25 16:54:13","T"
"3600000","2760000","1,3","08/11/25 06:49:55","T"
"3000000","2700000","1,11","07/11/25 18:05:58","T"
"300000","120000","2,5","07/11/25 09:31:10","T"
"900000","780000","1,15","07/11/25 03:28:44","T"
"3600000","2820000","1,28","07/11/25 01:52:52","T"
,,"NaN","06/11/25 23:06:40","T"
"3600000","3180000","1,13","06/11/25 20:00:43","T"
"3600000","3420000","1,05","06/11/25 17:12:21","T"
"3600000","2760000","1,3","05/11/25 13:59:55","T"
"1800000","1740000","1,03","04/11/25 23:09:52","T"
"3600000","3120000","1,15","04/11/25 22:36:33","T"
"3600000","3360000","1,07","04/11/25 20:27:31","T"
"3600000","3360000","1,07","04/11/25 17:07:37","T"
"2400000","3180000","0,75","31/10/25 21:35:25","T"
"1800000","2160000","0,83","31/10/25 20:42:07","T"
"1800000","1740000","1,03","31/10/25 11:01:54","T"
"2400000","3060000","0,78","31/10/25 10:32:33","T"
"2400000","1920000","1,25","29/10/25 18:18:52","T"
"2700000","2040000","1,32","29/10/25 16:43:43","T"
"2700000","1740000","1,55","29/10/25 16:02:17","T"
"2400000","2700000","0,89","29/10/25 08:09:29","T"
"300000","180000","1,67","29/10/25 07:20:38","T"
"3600000","1320000","2,73","29/10/25 07:17:12","T"
"3600000","3000000","1,2","29/10/25 01:02:54","T"
"2700000","3600000","0,75","26/10/25 09:49:16","T"
"600000","360000","1,67","22/10/25 18:21:17","T"
"3300000","2520000","1,31","22/10/25 11:37:36","T"
"1800000","960000","1,88","22/10/25 02:10:26","T"
"900000","540000","1,67","19/10/25 20:08:28","T"
"3600000","840000","4,29","19/10/25 19:59:08","T"
"180000","180000","1","19/10/25 15:43:40","T"
"180000","120000","1,5","19/10/25 12:24:59","T"
"3600000","3120000","1,15","19/10/25 12:22:09","T"
"900000","1380000","0,65","18/10/25 18:58:44","T"
"600000","360000","1,67","18/10/25 18:35:18","T"
"900000","480000","1,88","18/10/25 18:29:00","T"
"3600000","3240000","1,11","18/10/25 18:20:44","T"
"2400000","3300000","0,73","18/10/25 16:58:20","T"
"2700000","1500000","1,8","15/10/25 20:16:29","T"
"3600000","3420000","1,05","15/10/25 19:50:54","T"
"1800000","840000","2,14","15/10/25 12:07:01","T"
"2400000","1020000","2,35","15/10/25 11:52:15","T"
"1200000","660000","1,82","15/10/25 11:02:52","T"
"120000","60000","2","15/10/25 10:42:08","T"
"1800000","3060000","0,59","15/10/25 04:35:34","T"
"120000","120000","1","14/10/25 15:50:04","T"
"3600000","720000","5","14/10/25 15:48:00","T"
"900000","900000","1","14/10/25 14:22:32","T"
"3600000","3420000","1,05","14/10/25 11:21:50","T"
"3600000","2340000","1,54","14/10/25 10:24:19","T"
"3600000","3420000","1,05","14/10/25 09:45:01","T"
"180000","180000","1","14/10/25 08:23:25","T"
"900000","300000","3","14/10/25 08:20:10","T"
"1800000","1380000","1,3","14/10/25 04:00:30","T"
"2700000","2040000","1,32","14/10/25 03:37:12","T"
"2400000","2160000","1,11","14/10/25 03:02:50","T"
"3600000","960000","3,75","14/10/25 02:26:31","T"
"1200000","900000","1,33","13/10/25 23:45:31","T"
"2700000","2880000","0,94","13/10/25 23:30:13","T"
"1800000","660000","2,73","13/10/25 22:41:55","T"
"180000","180000","1","13/10/25 22:27:37","T"
"1800000","1440000","1,25","13/10/25 20:28:57","T"
"180000","240000","0,75","13/10/25 20:04:39","T"
"2400000","540000","4,44","13/10/25 19:58:13","T"
"900000","540000","1,67","13/10/25 07:01:23","T"
"3600000","2700000","1,33","13/10/25 06:51:43","T"
"3600000","2640000","1,36","13/10/25 06:06:27","T"
"1200000","1320000","0,91","13/10/25 03:15:34","T"
"3600000","2460000","1,46","11/10/25 05:30:22","T"
"1200000","1260000","0,95","11/10/25 04:21:14","T"
"1800000","2700000","0,67","11/10/25 03:59:48","T"
"180000","660000","0,27","11/10/25 03:14:26","T"
"1200000","780000","1,54","10/10/25 23:46:09","T"
"1800000","1200000","1,5","10/10/25 23:32:48","T"
"2700000","3360000","0,8","10/10/25 23:12:32","T"
"3600000","2820000","1,28","10/10/25 22:22:31","T"
"2400000","3240000","0,74","10/10/25 21:35:15","T"
"2400000","3120000","0,77","10/10/25 20:40:50","T"
"1800000","1680000","1,07","10/10/25 19:36:05","T"
"60000","60000","1","10/10/25 19:07:47","T"
"1800000","2700000","0,67","10/10/25 19:06:29","T"
"1200000","1980000","0,61","10/10/25 17:32:12","T"
"1800000","2040000","0,88","10/10/25 16:58:42","T"
"60000","120000","0,5","10/10/25 16:23:55","T"
"60000","60000","1","10/10/25 16:21:38","T"
"600000","480000","1,25","10/10/25 16:01:04","T"
"1500000","1080000","1,39","10/10/25 15:52:29","T"
"1800000","1440000","1,25","10/10/25 15:33:58","T"
"1200000","3240000","0,37","10/10/25 15:09:32","T"
"900000","780000","1,15","10/10/25 14:15:04","T"
"1800000","3360000","0,54","10/10/25 10:24:42","T"
"900000","1200000","0,75","10/10/25 09:25:07","T"
"2700000","2940000","0,92","08/10/25 20:27:14","T"
"1500000","3060000","0,49","08/10/25 19:31:40","T"
"1800000","1080000","1,67","08/10/25 15:04:38","T"
"1800000","1380000","1,3","08/10/25 13:49:36","T"
"1800000","1440000","1,25","08/10/25 07:41:19","T"
"1800000","1440000","1,25","08/10/25 07:17:04","T"
"2700000","1680000","1,61","08/10/25 06:52:44","T"
"2400000","1260000","1,9","08/10/25 06:24:22","T"
"900000","360000","2,5","08/10/25 04:26:34","T"
"900000","1020000","0,88","08/10/25 03:59:25","T"
"1800000","1560000","1,15","08/10/25 03:42:05","T"
"600000","420000","1,43","08/10/25 02:05:32","T"
"1200000","840000","1,43","08/10/25 01:50:30","T"
"2700000","2160000","1,25","07/10/25 23:09:52","T"
"1500000","1440000","1,04","07/10/25 21:08:11","T"
"2700000","2580000","1,05","07/10/25 20:43:41","T"
"3000000","2580000","1,16","07/10/25 17:11:59","T"
"1500000","3120000","0,48","07/10/25 10:09:51","T"
"240000","420000","0,57","07/10/25 08:59:58","T"
"3600000","3240000","1,11","07/10/25 08:52:39","T"
"2700000","3420000","0,79","07/10/25 05:45:19","T"
"900000","780000","1,15","07/10/25 04:00:57","T"
"1800000","2940000","0,61","07/10/25 03:35:41","T"
"1800000","1140000","1,58","07/10/25 02:46:11","T"
"300000","360000","0,83","07/10/25 01:57:11","T"
"1800000","2160000","0,83","06/10/25 21:42:22","T"
"300000","300000","1","06/10/25 21:05:58","T"
"1800000","1020000","1,76","06/10/25 21:00:41","T"
"2400000","2040000","1,18","06/10/25 20:42:26","T"
"1800000","2460000","0,73","06/10/25 20:08:11","T"
"1200000","840000","1,43","06/10/25 19:26:44","T"
"600000","420000","1,43","06/10/25 19:12:28","T"
"2400000","2400000","1","06/10/25 18:43:26","T"
"3000000","3120000","0,96","06/10/25 18:02:57","T"
"300000","300000","1","06/10/25 17:10:36","T"
"2400000","1800000","1,33","05/10/25 16:51:08","T"
"300000","180000","1,67","04/10/25 22:18:55","T"
"1800000","1500000","1,2","04/10/25 22:15:07","T"
"2520000","3600000","0,7","04/10/25 21:49:10","T"
"1800000","720000","2,5","04/10/25 20:18:27","T"
"3600000","3420000","1,05","04/10/25 19:25:38","T"
"3000000","2220000","1,35","04/10/25 18:13:00","T"
"300000","240000","1,25","04/10/25 17:35:34","T"
"60000","120000","0,5","04/10/25 17:31:17","T"
"3000000","3180000","0,94","04/10/25 17:29:01","T"
"420000","300000","1,4","04/10/25 16:35:43","T"
"300000","240000","1,25","04/10/25 16:30:25","T"
"900000","480000","1,88","04/10/25 16:21:42","T"
"2400000","2580000","0,93","04/10/25 16:13:20","T"
"600000","1920000","0,31","04/10/25 15:23:22","T"
"1800000","2940000","0,61","04/10/25 14:40:12","T"
"600000","900000","0,67","04/10/25 13:50:43","T"
"3600000","3600000","1","04/10/25 08:41:03","T"
"1200000","1320000","0,91","04/10/25 07:37:14","T"
"1200000","1080000","1,11","04/10/25 07:14:37","T"
"1200000","960000","1,25","04/10/25 06:49:17","T"
"2700000","2040000","1,32","04/10/25 06:31:02","T"
"2400000","1500000","1,6","04/10/25 05:56:28","T"
"1800000","1260000","1,43","04/10/25 05:27:45","T"
"2400000","2520000","0,95","04/10/25 05:06:19","T"
"1800000","2640000","0,68","04/10/25 04:23:28","T"
"900000","1560000","0,58","04/10/25 03:39:07","T"
"1200000","1800000","0,67","04/10/25 03:12:41","T"
"2700000","1800000","1,5","04/10/25 02:42:19","T"
"180000","180000","1","04/10/25 02:10:52","T"
"2100000","3600000","0,58","04/10/25 02:07:29","T"
"180000","120000","1,5","04/10/25 01:04:23","T"
"1500000","1740000","0,86","04/10/25 01:02:06","T"
"1200000","1140000","1,05","04/10/25 00:32:47","T"
"120000","180000","0,67","04/10/25 00:13:13","T"
"1800000","1560000","1,15","04/10/25 00:09:57","T"
"180000","240000","0,75","03/10/25 23:43:40","T"
"1800000","2700000","0,67","03/10/25 23:39:23","T"
"1800000","2640000","0,68","02/10/25 04:28:59","T"
"3000000","2880000","1,04","02/10/25 01:56:39","T"
"3000000","2760000","1,09","02/10/25 00:41:46","T"
"600000","360000","1,67","01/10/25 23:55:25","T"
"1200000","2820000","0,43","01/10/25 23:46:25","T"
"300000","300000","1","01/10/25 15:58:47","T"
"1200000","1440000","0,83","01/10/25 15:53:23","T"
"2700000","2640000","1,02","01/10/25 15:29:03","T"
"2700000","960000","2,81","01/10/25 14:44:40","T"
"600000","300000","2","01/10/25 13:51:19","T"
"1800000","2640000","0,68","01/10/25 13:19:51","T"
"300000","540000","0,56","01/10/25 12:35:27","T"
"3600000","3600000","1","01/10/25 12:26:10","T"
"2400000","2700000","0,89","01/10/25 08:58:20","T"
"2400000","3600000","0,67","01/10/25 02:03:18","T"
"1800000","2220000","0,81","01/10/25 01:02:48","T"
"900000","480000","1,88","01/10/25 00:25:18","T"
"2400000","1920000","1,25","01/10/25 00:16:52","T"
"900000","900000","1","30/09/25 23:44:30","T"
"1200000","1440000","0,83","30/09/25 23:28:59","T"
"2400000","2160000","1,11","30/09/25 23:04:37","T"
"1200000","1200000","1","30/09/25 22:28:14","T"
"1800000","1980000","0,91","30/09/25 22:07:52","T"
"3300000","2700000","1,22","30/09/25 21:26:44","T"
"1800000","1260000","1,43","30/09/25 20:40:49","T"
"3000000","3060000","0,98","30/09/25 20:19:28","T"
"2700000","2400000","1,12","30/09/25 19:17:27","T"
"1200000","840000","1,43","30/09/25 18:37:04","T"
"2400000","3000000","0,8","28/09/25 00:37:57","T"
"1800000","2760000","0,65","27/09/25 16:12:04","T"
"1500000","1620000","0,93","27/09/25 14:29:18","T"
"1800000","1320000","1,36","27/09/25 14:01:48","T"
"1260000","300000","4,2","27/09/25 13:39:03","T"
"3300000","3060000","1,08","27/09/25 13:17:03","T"
"300000","780000","0,38","27/09/25 09:09:05","T"
"1800000","2580000","0,7","27/09/25 08:55:42","T"
"1800000","2100000","0,86","27/09/25 07:56:21","T"
"1500000","1500000","1","27/09/25 07:20:54","T"
"3300000","2340000","1,41","27/09/25 06:54:53","T"
"1200000","2340000","0,51","27/09/25 06:15:13","T"
"1500000","1560000","0,96","27/09/25 05:30:08","T"
"60000","60000","1","27/09/25 05:03:37","T"
"1800000","1980000","0,91","27/09/25 04:17:10","T"
"2700000","3180000","0,85","27/09/25 03:43:42","T"
"120000","120000","1","26/09/25 16:40:04","T"
"3300000","2640000","1,25","26/09/25 16:37:47","T"
"1200000","2040000","0,59","26/09/25 14:37:06","T"
"60000","120000","0,5","26/09/25 10:52:31","T"
"600000","1020000","0,59","26/09/25 10:49:37","T"
"1500000","1620000","0,93","26/09/25 07:34:58","T"
"1800000","1260000","1,43","26/09/25 05:12:00","T"
"1200000","960000","1,25","26/09/25 04:50:21","T"
"3300000","2160000","1,53","26/09/25 03:42:01","T"
"1800000","1440000","1,25","26/09/25 01:18:31","T"
"1800000","2100000","0,86","26/09/25 00:54:13","T"
"300000","480000","0,62","26/09/25 00:18:53","T"
"360000","1140000","0,32","26/09/25 00:10:28","T"
"1200000","480000","2,5","25/09/25 23:51:01","T"
"600000","1020000","0,59","25/09/25 23:42:38","T"
"900000","1140000","0,79","25/09/25 23:25:22","T"
"2400000","3360000","0,71","25/09/25 23:05:59","T"
"1200000","1080000","1,11","23/09/25 20:53:11","T"
"2400000","1980000","1,21","23/09/25 20:27:58","T"
"2400000","2100000","1,14","23/09/25 19:53:48","T"
"1200000","960000","1,25","23/09/25 19:17:34","T"
"120000","120000","1","23/09/25 19:01:02","T"
"300000","240000","1,25","21/09/25 09:55:08","T"
"3600000","3000000","1,2","21/09/25 09:50:30","T"
"1500000","1800000","0,83","21/09/25 07:42:03","T"
"600000","960000","0,62","21/09/25 07:11:37","T"
"2400000","2700000","0,89","21/09/25 06:55:14","T"
"2400000","2280000","1,05","21/09/25 06:09:50","T"
"1800000","780000","2,31","21/09/25 05:31:00","T"
"180000","360000","0,5","21/09/25 05:08:29","T"
"1800000","2460000","0,73","21/09/25 05:02:01","T"
"120000","120000","1","21/09/25 04:20:39","T"
"1200000","1620000","0,74","20/09/25 19:23:09","T"
"1800000","2460000","0,73","20/09/25 17:12:57","T"
"1500000","1560000","0,96","20/09/25 16:31:26","T"
"1800000","1680000","1,07","20/09/25 15:57:51","T"
"2700000","3060000","0,88","20/09/25 15:27:42","T"
"600000","360000","1,67","20/09/25 14:36:19","T"
"60000","60000","1","20/09/25 13:41:01","T"
"2400000","2040000","1,18","20/09/25 08:16:13","T"
"1500000","1740000","0,86","20/09/25 07:41:39","T"
"1800000","2640000","0,68","20/09/25 07:12:15","T"
"1200000","840000","1,43","20/09/25 06:26:27","T"
"180000","120000","1,5","20/09/25 06:12:02","T"
"1200000","1560000","0,77","20/09/25 05:06:27","T"
"2700000","2580000","1,05","20/09/25 04:40:06","T"
"420000","420000","1","20/09/25 03:56:41","T"
"3300000","2700000","1,22","17/09/25 16:31:34","T"
"3300000","3300000","1","17/09/25 11:52:56","T"
"1800000","2340000","0,77","17/09/25 09:38:58","T"
"900000","2700000","0,33","17/09/25 08:59:09","T"
"3000000","3600000","0,83","17/09/25 08:12:55","T"
"2700000","540000","5","17/09/25 04:13:17","T"
"1200000","600000","2","17/09/25 02:00:47","T"
"2700000","1080000","2,5","17/09/25 01:50:26","T"
"1500000","3480000","0,43","16/09/25 03:28:33","T"
"2700000","2940000","0,92","16/09/25 02:30:15","T"
"900000","660000","1,36","16/09/25 01:40:27","T"
"2400000","2640000","0,91","16/09/25 01:29:11","T"
"600000","720000","0,83","16/09/25 00:44:46","T"
"1800000","1140000","1,58","15/09/25 22:35:18","T"
"1200000","2880000","0,42","15/09/25 22:15:57","T"
"1200000","1440000","0,83","13/09/25 17:28:08","T"
"2700000","2520000","1,07","13/09/25 17:03:45","T"
"1800000","1080000","1,67","13/09/25 15:59:17","T"
"3000000","1620000","1,85","13/09/25 15:40:39","T"
"3000000","2280000","1,32","13/09/25 09:19:26","T"
"1800000","1380000","1,3","13/09/25 06:37:01","T"
"1800000","2640000","0,68","13/09/25 00:09:15","T"
"600000","960000","0,62","12/09/25 23:24:55","T"
"2700000","2160000","1,25","12/09/25 23:08:36","T"
"300000","480000","0,62","12/09/25 20:27:48","T"
"3300000","3060000","1,08","12/09/25 20:19:30","T"
"900000","1860000","0,48","12/09/25 18:28:52","T"
"600000","600000","1","07/09/25 03:40:20","T"
"3000000","3300000","0,91","06/09/25 19:00:49","T"
"2700000","3420000","0,79","06/09/25 18:04:04","T"
"2400000","2940000","0,82","01/09/25 16:02:04","T"
"2400000","1260000","1,9","01/09/25 11:17:03","T"
"2700000","1740000","1,55","01/09/25 07:42:09","T"
"1800000","1560000","1,15","01/09/25 07:11:28","T"
"3000000","2940000","1,02","01/09/25 06:44:54","T"
"3300000","1620000","2,04","26/08/25 15:18:58","T"
"2400000","2340000","1,03","25/08/25 23:12:54","T"
"2400000","3420000","0,7","23/08/25 19:49:06","T"
"2400000","2820000","0,85","23/08/25 18:51:39","T"
"1800000","1380000","1,3","23/08/25 18:04:13","T"
"2700000","3300000","0,82","23/08/25 17:40:50","T"
"780000","420000","1,86","23/08/25 16:45:10","T"
"300000","180000","1,67","23/08/25 15:27:07","T"
"2400000","2820000","0,85","23/08/25 15:23:45","T"
"1500000","1260000","1,19","23/08/25 14:36:14","T"
"300000","360000","0,83","23/08/25 07:46:29","T"
"1500000","1380000","1,09","23/08/25 07:40:05","T"
"1200000","720000","1,67","23/08/25 06:58:20","T"
"3300000","3300000","1","23/08/25 06:45:51","T"
"1200000","1080000","1,11","19/08/25 21:24:33","T"
"1200000","1620000","0,74","19/08/25 19:12:56","T"
"2400000","1080000","2,22","07/08/25 17:56:09","T"
"3300000","2940000","1,12","07/08/25 17:37:38","T"
"1800000","1260000","1,43","05/08/25 10:59:45","T"
"1500000","2940000","0,51","05/08/25 03:56:00","T"
"600000","1020000","0,59","05/08/25 03:06:27","T"
"1800000","1740000","1,03","05/08/25 02:49:02","T"
"2400000","2400000","1","05/08/25 02:19:11","T"
"900000","1320000","0,68","01/08/25 20:37:34","T"
"2400000","2460000","0,98","01/08/25 20:11:25","T"
"1200000","780000","1,54","01/08/25 19:28:59","T"
,,"NaN","04/01/25 13:48:04","T"
"3000000","2700000","1,11","03/01/25 19:21:26","T"
"1200000","2460000","0,49","02/01/25 12:17:05","T"
"1800000","1080000","1,67","02/01/25 11:34:01","T"
"2700000","2580000","1,05","22/12/24 12:20:05","T"
"3000000","1920000","1,56","22/12/24 06:24:39","T"
"180000","240000","0,75","22/12/24 05:52:10","T"
"2400000","1740000","1,38","18/12/24 17:15:59","T"
"2400000","1380000","1,74","17/12/24 08:14:10","T"
"3000000","1860000","1,61","10/12/24 03:54:40","T"
"2400000","2220000","1,08","10/12/24 03:21:33","T"
"1800000","2520000","0,71","10/12/24 02:38:28","T"
"2400000","1440000","1,67","10/12/24 01:55:49","T"
,,"NaN","09/12/24 14:03:56","T"
"1200000","1320000","0,91","08/11/24 14:36:54","T"
"1800000","1620000","1,11","08/11/24 14:14:22","T"
"1800000","3480000","0,52","08/11/24 13:44:39","T"
"1500000","1320000","1,14","08/11/24 12:45:48","T"
"2400000","1740000","1,38","08/11/24 06:40:43","T"
"2100000","3000000","0,7","08/11/24 06:11:14","T"
"1800000","2700000","0,67","08/11/24 05:20:33","T"
"1500000","1140000","1,32","08/11/24 04:05:16","T"
"3540000","3300000","1,07","08/11/24 03:45:45","T"
"60000","120000","0,5","08/11/24 03:24:13",""
,,"NaN","07/11/24 23:18:59","T"
"3300000","3540000","0,93","07/11/24 14:01:34","T"
"2400000","1140000","2,11","07/11/24 10:33:51","T"
"480000","480000","1","07/11/24 08:07:37","T"
"900000","1680000","0,54","07/11/24 07:59:10","T"
"300000","480000","0,62","07/11/24 07:30:27","T"
"900000","1620000","0,56","06/11/24 21:26:58","T"
"900000","480000","1,88","06/11/24 20:56:36","T"
"2700000","2460000","1,1","15/10/24 05:17:00","T"
"3000000","3000000","1","15/10/24 03:30:37","T"
"3300000","3060000","1,08","15/10/24 02:38:22","T"
"3540000","2760000","1,28","05/10/24 17:59:11","T"
"3480000","3540000","0,98","04/10/24 20:33:32","T"
"3300000","3420000","0,96","04/10/24 19:34:06","T"
"2700000","3420000","0,79","04/10/24 15:30:29","T"
"3300000","3540000","0,93","01/10/24 03:59:59","T"
"2400000","1620000","1,48","01/10/24 03:00:17","T"
"1800000","840000","2,14","01/10/24 00:51:49","T"
"3300000","3420000","0,96","01/10/24 00:01:40","T"
"3300000","2940000","1,12","30/09/24 22:52:19","T"
"1800000","660000","2,73","24/09/24 18:36:05","T"
"1800000","1200000","1,5","24/09/24 17:33:24","T"
,,"NaN","24/09/24 17:12:42","T"
"2400000","2460000","0,98","24/09/24 17:12:34","T"
"300000","300000","1","24/09/24 16:31:02","T"
"1800000","1080000","1,67","24/09/24 16:24:28","T"
"300000","180000","1,67","24/09/24 16:05:57","T"
"3300000","3060000","1,08","24/09/24 15:33:29","T"
"1200000","540000","2,22","24/09/24 14:38:39","T"
"2400000","3120000","0,77","24/09/24 14:29:04","T"
"3300000","3240000","1,02","24/09/24 13:33:38","T"
"180000","180000","1","18/09/24 03:42:13","T"
"3300000","3480000","0,95","17/09/24 17:04:48","T"
"3000000","2880000","1,04","17/09/24 16:05:34","T"
"600000","660000","0,91","17/09/24 15:13:19","T"
"1200000","1140000","1,05","15/09/24 17:04:41","T"
"420000","960000","0,44","15/09/24 16:45:11","T"
"1500000","1080000","1,39","15/09/24 16:28:42","T"
"3300000","3000000","1,1","15/09/24 16:10:02","T"
"3300000","2640000","1,25","15/09/24 15:19:27","T"
"3300000","3240000","1,02","15/09/24 14:34:45","T"
"180000","180000","1","15/09/24 11:11:47","T"
"2400000","3360000","0,71","15/09/24 11:08:23","T"
"3300000","2400000","1,38","15/09/24 08:48:28","T"
"2400000","3180000","0,75","15/09/24 08:05:59","T"
"120000","60000","2","15/09/24 07:12:31","T"
"300000","240000","1,25","15/09/24 07:11:09","T"
"900000","1140000","0,79","15/09/24 07:06:45","T"
"1800000","1260000","1,43","15/09/24 06:47:11","T"
"1800000","2760000","0,65","15/09/24 06:25:40","T"
"3300000","3120000","1,06","15/09/24 05:14:25","T"
"2400000","1380000","1,74","15/09/24 04:21:09","T"
"600000","360000","1,67","14/09/24 23:26:47","T"
"1200000","960000","1,25","14/09/24 23:07:26","T"
"2400000","1920000","1,25","14/09/24 22:50:53","T"
"3300000","2940000","1,12","14/09/24 22:12:50","T"
"3300000","3180000","1,04","14/09/24 20:49:52","T"
"600000","420000","1,43","14/09/24 19:12:33","T"
"600000","360000","1,67","14/09/24 17:25:33","T"
"2700000","3360000","0,8","14/09/24 17:16:51","T"
"2400000","1920000","1,25","14/09/24 02:04:13","T"
"120000","60000","2","13/09/24 22:58:00","T"
"300000","240000","1,25","13/09/24 22:56:27","T"
"1800000","1680000","1,07","13/09/24 22:29:50","T"
"2400000","3240000","0,74","13/09/24 22:00:17","T"
"1200000","720000","1,67","13/09/24 21:05:18","T"
"1500000","2040000","0,74","13/09/24 18:55:16","T"
"900000","960000","0,94","13/09/24 18:20:46","T"
"1800000","1320000","1,36","13/09/24 18:03:54","T"
"3000000","2880000","1,04","13/09/24 10:02:09","T"
"1500000","3180000","0,47","13/09/24 09:13:17","T"
"2100000","2400000","0,88","13/09/24 08:19:00","T"
"480000","540000","0,89","13/09/24 07:41:41","T"
"600000","540000","1,11","13/09/24 04:33:42","T"
"2700000","3240000","0,83","13/09/24 04:24:13","T"
"600000","600000","1","13/09/24 00:21:12","T"
"120000","240000","0,5","13/09/24 00:10:50","T"
"120000","120000","1","12/09/24 23:08:43","T"
"1800000","2460000","0,73","12/09/24 23:06:16","T"
"2700000","1920000","1,41","12/09/24 22:24:37","T"
"3000000","2280000","1,32","12/09/24 21:51:06","T"
"2400000","2700000","0,89","12/09/24 21:12:33","T"
"1800000","1680000","1,07","12/09/24 20:10:53","T"
"1800000","1740000","1,03","12/09/24 19:42:23","T"
"1800000","1680000","1,07","07/09/24 21:38:12","T"
"1800000","1620000","1,11","07/09/24 21:08:56","T"
"1800000","840000","2,14","07/09/24 20:41:20","T"
"3000000","2280000","1,32","07/09/24 18:56:38","T"
"2400000","3180000","0,75","07/09/24 18:03:51","T"
"3300000","3420000","0,96","07/09/24 17:02:59","T"
"3300000","3300000","1","31/08/24 21:24:54","T"
"3300000","3180000","1,04","31/08/24 20:27:35","T"
"300000","300000","1","31/08/24 17:45:41","T"
"3300000","3120000","1,06","31/08/24 17:40:13","T"
"900000","900000","1","31/08/24 13:04:56","T"
"360000","540000","0,67","31/08/24 12:49:30","T"
"600000","1020000","0,59","31/08/24 12:40:04","T"
"2400000","3480000","0,69","31/08/24 12:32:35","T"
"780000","600000","1,3","31/08/24 11:33:58","T"
"300000","360000","0,83","31/08/24 11:20:15","T"
"1800000","2640000","0,68","31/08/24 08:32:27","T"
"3000000","3300000","0,91","31/08/24 07:47:55","T"
"1200000","1620000","0,74","31/08/24 06:43:49","T"
"600000","660000","0,91","31/08/24 06:13:35","T"
"2100000","1620000","1,3","29/08/24 18:48:04","T"
"1500000","420000","3,57","29/08/24 18:20:28","T"
"2880000","2700000","1,07","29/08/24 18:07:53","T"
"1500000","1080000","1,39","29/08/24 17:18:16","T"
"3000000","2160000","1,39","29/08/24 16:56:23","T"
"300000","300000","1","29/08/24 16:19:23","T"
"3300000","3480000","0,95","29/08/24 16:13:50","T"
"1800000","2280000","0,79","29/08/24 15:14:45","T"
"360000","240000","1,5","29/08/24 14:36:05","T"
"2400000","2100000","1,14","29/08/24 14:31:32","T"
"3300000","3300000","1","29/08/24 13:55:59","T"
"2700000","1560000","1,73","29/08/24 13:00:00","T"
"60000","120000","0,5","29/08/24 08:34:13","T"
"1200000","600000","2","29/08/24 08:31:45","T"
"2400000","1800000","1,33","29/08/24 07:19:54","T"
"420000","420000","1","29/08/24 06:37:49","T"
"3000000","2820000","1,06","29/08/24 06:30:19","T"
"1200000","1200000","1","29/08/24 05:38:19","T"
"900000","540000","1,67","26/08/24 17:24:25","T"
"2400000","2040000","1,18","26/08/24 17:13:48","T"
,,"NaN","26/08/24 13:57:24","T"
"2400000","2340000","1,03","25/08/24 20:13:37","T"
"1800000","1380000","1,3","25/08/24 18:21:42","T"
"3000000","2700000","1,11","22/08/24 22:33:59","T"
"3300000","3120000","1,06","22/08/24 21:46:28","T"
"3300000","3480000","0,95","22/08/24 20:53:03","T"
"2700000","2160000","1,25","22/08/24 19:51:13","T"
"180000","240000","0,75","22/08/24 19:14:44","T"
"900000","1560000","0,58","22/08/24 13:00:44","T"
"2700000","1440000","1,88","22/08/24 12:33:53","T"
"1800000","3120000","0,58","22/08/24 12:09:21","T"
"660000","780000","0,85","22/08/24 11:16:52","T"
"1200000","1260000","0,95","22/08/24 11:03:09","T"
"1500000","2040000","0,74","22/08/24 10:40:15","T"
"2700000","1560000","1,73","22/08/24 10:05:40","T"
"2400000","3480000","0,69","22/08/24 09:39:11","T"
,,"NaN","17/08/24 03:18:43","T"
"2400000","2280000","1,05","16/08/24 20:55:42","T"
"2400000","2100000","1,14","16/08/24 20:16:03","T"
"180000","120000","1,5","16/08/24 19:40:36","T"
"1500000","1440000","1,04","16/08/24 19:37:59","T"
"120000","180000","0,67","16/08/24 19:13:19","T"
"1800000","1680000","1,07","16/08/24 19:09:45","T"
,,"NaN","16/08/24 17:58:30","T"
"3000000","3540000","0,85","15/08/24 15:56:43","T"
"1200000","600000","2","15/08/24 08:38:30","T"
"2400000","2040000","1,18","15/08/24 08:28:00","T"
"1500000","1740000","0,86","14/08/24 11:56:10","T"
"180000","300000","0,6","14/08/24 11:26:41","T"
"3300000","3540000","0,93","14/08/24 11:21:06","T"
"1800000","1620000","1,11","14/08/24 10:21:03","T"
"2340000","1440000","1,62","14/08/24 09:53:02","T"
"1800000","1860000","0,97","14/08/24 09:27:55","T"
"1800000","1860000","0,97","14/08/24 08:36:39","T"
"1200000","1140000","1,05","14/08/24 08:04:51","T"
"840000","840000","1","14/08/24 07:42:57","T"
"2700000","2160000","1,25","14/08/24 05:45:42","T"
"3000000","2820000","1,06","14/08/24 05:09:03","T"
"1800000","2340000","0,77","14/08/24 04:21:28","T"
"3000000","2580000","1,16","14/08/24 03:41:53","T"
"2400000","3120000","0,77","14/08/24 02:58:14","T"
"300000","240000","1,25","14/08/24 02:05:43","T"
"3000000","3480000","0,86","14/08/24 02:01:04","T"
"300000","300000","1","14/08/24 01:02:24","T"
"2400000","2100000","1,14","14/08/24 00:12:17","T"
"120000","180000","0,67","12/08/24 10:30:12","T"
"600000","480000","1,25","11/08/24 02:38:15","T"
"2400000","2280000","1,05","11/08/24 02:29:45","T"
"1200000","3540000","0,34","11/08/24 01:50:56","T"
"900000","1020000","0,88","11/08/24 00:51:13","T"
"300000","180000","1,67","10/08/24 23:07:34","T"
"900000","840000","1,07","10/08/24 23:03:55","T"
"300000","540000","0,56","10/08/24 22:49:16","T"
"900000","720000","1,25","10/08/24 21:27:43","T"
"1080000","2100000","0,51","10/08/24 21:13:24","T"
"900000","1980000","0,45","10/08/24 19:36:51","T"
"1500000","2340000","0,64","10/08/24 19:03:10","T"
"540000","720000","0,75","10/08/24 17:15:52","T"
"1740000","2100000","0,83","10/08/24 17:03:28","T"
"300000","360000","0,83","10/08/24 16:33:59","T"
"2400000","2280000","1,05","05/08/24 22:02:31","T"
"2400000","2340000","1,03","05/08/24 21:23:27","T"
"1800000","2700000","0,67","05/08/24 06:51:34","T"
"3300000","2640000","1,25","05/08/24 06:05:28","T"
"1800000","2100000","0,86","02/08/24 06:58:51","T"
"1200000","840000","1,43","02/08/24 06:22:16","T"
"3000000","1440000","2,08","02/08/24 06:07:35","T"
"1800000","1140000","1,58","01/08/24 21:56:57","T"
"2400000","2520000","0,95","01/08/24 21:36:57","T"
"1800000","2460000","0,73","01/08/24 20:53:47","T"
"1500000","1140000","1,32","01/08/24 19:05:31","T"
"120000","60000","2","31/07/24 15:50:38","T"
"1800000","3120000","0,58","30/07/24 16:37:14","T"
"900000","480000","1,88","30/07/24 15:44:47","T"
"780000","1260000","0,62","30/07/24 07:42:21","T"
"600000","300000","2","30/07/24 07:20:14","T"
"900000","720000","1,25","30/07/24 07:14:43","T"
"1800000","2940000","0,61","27/07/24 18:51:00","T"
"2400000","2940000","0,82","27/07/24 17:51:30","T"
"2100000","1860000","1,13","27/07/24 17:01:50","T"
"3300000","2700000","1,22","27/07/24 16:30:12","T"
"900000","780000","1,15","27/07/24 10:53:37","T"
"300000","540000","0,56","27/07/24 10:40:10","T"
"600000","840000","0,71","27/07/24 10:21:09","T"
"2400000","1740000","1,38","27/07/24 07:59:36","T"
"2700000","1140000","2,37","26/07/24 23:08:09","T"
"1800000","1320000","1,36","23/07/24 18:22:57","T"
"1200000","720000","1,67","23/07/24 18:00:16","T"
,,"NaN","23/07/24 17:55:17","T"
"120000","60000","2","23/07/24 17:47:44","T"
"1800000","1500000","1,2","23/07/24 17:45:52","T"
"2400000","1800000","1,33","23/07/24 17:15:13","T"
"2400000","1440000","1,67","23/07/24 16:44:17","T"
"180000","120000","1,5","23/07/24 16:19:44","T"
"3000000","3540000","0,85","23/07/24 16:17:20","T"
"2700000","3120000","0,87","23/07/24 12:03:09","T"
"2700000","2940000","0,92","23/07/24 10:09:50","T"
"900000","840000","1,07","23/07/24 08:20:33","T"
"900000","840000","1,07","23/07/24 08:03:28","T"
"1800000","1200000","1,5","23/07/24 07:49:00","T"
"1500000","960000","1,56","23/07/24 07:28:30","T"
"180000","180000","1","23/07/24 07:11:58","T"
"2400000","3420000","0,7","23/07/24 07:08:31","T"
"1800000","780000","2,31","23/07/24 06:11:03","T"
"2700000","2820000","0,96","23/07/24 05:57:35","T"
"1500000","2940000","0,51","23/07/24 05:09:54","T"
"1200000","1560000","0,77","23/07/24 04:17:28","T"
"300000","780000","0,38","23/07/24 03:50:43","T"
"1500000","540000","2,78","23/07/24 03:36:56","T"
"60000","60000","1","23/07/24 03:27:11","T"
"2700000","3000000","0,9","23/07/24 00:58:01","T"
"2100000","2280000","0,92","23/07/24 00:07:20","T"
"2700000","3480000","0,78","22/07/24 23:28:48","T"
"2640000","2700000","0,98","22/07/24 22:29:08","T"
"60000","120000","0,5","22/07/24 21:44:33","T"
"2400000","2160000","1,11","29/06/24 09:46:41","T"
"1800000","1620000","1,11","29/06/24 09:09:50","T"
"1800000","1980000","0,91","29/06/24 08:39:35","T"
"1200000","960000","1,25","29/06/24 07:13:10","T"
"1800000","2100000","0,86","29/06/24 06:49:43","T"
"2400000","2820000","0,85","29/06/24 06:14:08","T"
"1800000","2100000","0,86","29/06/24 05:26:42","T"
"2100000","1620000","1,3","29/06/24 04:51:01","T"
"600000","1500000","0,4","29/06/24 04:23:16","T"
"1200000","1080000","1,11","29/06/24 03:56:57","T"
"1800000","1200000","1,5","25/06/24 18:49:46","T"
"3300000","3240000","1,02","25/06/24 16:44:18","T"
"3000000","2940000","1,02","25/06/24 15:48:58","T"
"2400000","3360000","0,71","25/06/24 11:56:54","T"
"420000","540000","0,78","25/06/24 10:59:51","T"
"600000","660000","0,91","25/06/24 10:50:14","T"
"2700000","3180000","0,85","25/06/24 10:38:16","T"
"1800000","3300000","0,55","25/06/24 09:44:24","T"
"1200000","840000","1,43","25/06/24 08:47:18","T"
"1800000","1860000","0,97","25/06/24 08:32:27","T"
"1800000","1860000","0,97","25/06/24 08:00:36","T"
"1500000","3120000","0,48","25/06/24 07:03:42","T"
"600000","600000","1","25/06/24 06:10:48","T"
"900000","2040000","0,44","25/06/24 06:00:13","T"
"1800000","840000","2,14","25/06/24 05:21:42","T"
"2400000","1800000","1,33","24/06/24 21:40:35","T"
"1800000","2340000","0,77","24/06/24 21:09:53","T"
"2400000","2040000","1,18","24/06/24 20:29:58","T"
"1200000","900000","1,33","24/06/24 15:49:40","T"
"1800000","1020000","1,76","23/06/24 17:22:27","T"
"1200000","1440000","0,83","23/06/24 17:22:16","T"
"120000","300000","0,4","23/06/24 16:37:44","T"
"1500000","2820000","0,53","23/06/24 16:31:38","T"
"120000","60000","2","23/06/24 15:43:27","T"
"780000","420000","1,86","23/06/24 15:41:58","T"
"60000","60000","1","23/06/24 15:34:29","T"
"1800000","3060000","0,59","23/06/24 15:13:20","T"
"540000","600000","0,9","23/06/24 14:21:20","T"
"3300000","3240000","1,02","23/06/24 14:07:27","T"
"1200000","1140000","1,05","21/06/24 20:35:11","T"
"2400000","2220000","1,08","21/06/24 20:13:44","T"
"1800000","1620000","1,11","21/06/24 19:34:34","T"
"1200000","1500000","0,8","21/06/24 16:52:10","T"
"2100000","1020000","2,06","21/06/24 16:26:33","T"
"3300000","3360000","0,98","21/06/24 16:08:39","T"
"1200000","1980000","0,61","21/06/24 11:09:44","T"
"1800000","1740000","1,03","19/06/24 23:03:34","T"
"1800000","1740000","1,03","18/06/24 18:40:53","T"
"300000","240000","1,25","18/06/24 17:06:10","T"
"2400000","2580000","0,93","18/06/24 17:01:36","T"
"2100000","2520000","0,83","18/06/24 16:13:04","T"
"1800000","1080000","1,67","18/06/24 15:30:28","T"
"300000","300000","1","18/06/24 14:43:08","T"
"3540000","2940000","1,2","18/06/24 14:37:07","T"
"1200000","1920000","0,62","18/06/24 12:20:13","T"
"600000","540000","1,11","18/06/24 11:47:30","T"
"1800000","1440000","1,25","18/06/24 11:36:16","T"
"900000","1680000","0,54","18/06/24 09:49:28","T"
"2400000","3360000","0,71","18/06/24 09:20:09","T"
"240000","180000","1,33","18/06/24 08:03:31","T"
"1800000","3540000","0,51","18/06/24 05:12:16","T"
"1200000","840000","1,43","18/06/24 03:20:39","T"
"2400000","1560000","1,54","18/06/24 03:06:08","T"
"1800000","2700000","0,67","18/06/24 01:38:28","R"
,,"NaN","18/06/24 01:32:43","T"
"1800000","2880000","0,62","17/06/24 23:10:28","T"
"1800000","1980000","0,91","17/06/24 22:20:41","T"
"1800000","3300000","0,55","17/06/24 21:31:54","T"
"1800000","2940000","0,61","17/06/24 00:50:07","T"
"900000","1320000","0,68","16/06/24 23:46:37","T"
"600000","780000","0,77","16/06/24 22:25:42","T"
"1500000","1500000","1","16/06/24 22:12:06","T"
"900000","1140000","0,79","16/06/24 16:42:18","T"
"1200000","1500000","0,8","16/06/24 16:22:04","T"
"2400000","3480000","0,69","13/06/24 16:49:02","T"
"600000","300000","2","13/06/24 15:50:21","T"
"1500000","1440000","1,04","13/06/24 15:40:21","T"
"2400000","2100000","1,14","13/06/24 15:15:27","T"
"120000","60000","2","13/06/24 13:16:25","T"
"1500000","1380000","1,09","13/06/24 13:06:49","T"
"1800000","1860000","0,97","13/06/24 12:43:07","T"
"3000000","2700000","1,11","13/06/24 12:11:14","T"
"1200000","1560000","0,77","13/06/24 09:25:10","T"
"120000","120000","1","13/06/24 08:58:21","T"
"1800000","3000000","0,6","13/06/24 08:55:47","T"
"1800000","660000","2,73","13/06/24 08:04:39","T"
"420000","1680000","0,25","13/06/24 07:53:05","T"
"780000","1260000","0,62","13/06/24 05:50:04","C"
"1800000","3360000","0,54","13/06/24 04:11:17","C"
"180000","180000","1","13/06/24 03:13:45",""
"600000","540000","1,11","13/06/24 03:09:13",""
"60000","60000","1","13/06/24 01:03:57",""
"1200000","1740000","0,69","13/06/24 01:02:23",""
"2400000","3120000","0,77","12/06/24 22:13:53",""
"420000","540000","0,78","12/06/24 21:14:52",""
"180000","360000","0,5","12/06/24 19:10:36",""
"1800000","1620000","1,11","12/06/24 18:58:38",""
"180000","180000","1","10/06/24 19:31:11",""
"1800000","3180000","0,57","10/06/24 19:25:48",""
"1500000","1980000","0,76","10/06/24 18:30:31",""
"1800000","1260000","1,43","10/06/24 17:48:14",""
"1200000","2460000","0,49","10/06/24 16:55:57",""
"900000","2700000","0,33","10/06/24 16:14:08",""
"780000","420000","1,86","10/06/24 15:28:07",""
"3000000","2880000","1,04","10/06/24 15:18:03",""
"480000","600000","0,8","10/06/24 14:28:30",""
"2100000","3060000","0,69","10/06/24 14:18:50",""
,,"NaN","10/06/24 13:32:38",""
"1500000","1680000","0,89","10/06/24 13:27:07",""
"300000","300000","1","10/06/24 12:58:21",""
"180000","240000","0,75","10/06/24 12:52:17",""
"2400000","3540000","0,68","10/06/24 11:54:48",""
"2400000","1620000","1,48","10/06/24 10:53:47",""
"2400000","2460000","0,98","09/06/24 16:31:40",""
"1800000","2100000","0,86","09/06/24 03:50:39",""
"60000","60000","1","08/06/24 18:09:26",""
"600000","900000","0,67","08/06/24 18:09:26",""
"1800000","1500000","1,2","08/06/24 18:09:26",""
"2100000","1800000","1,17","08/06/24 18:09:26",""
"3300000","3120000","1,06","08/06/24 18:09:26",""
"420000","540000","0,78","08/06/24 18:09:26",""
