{
  "title": "Output",
  "description": "Datasette instance with custom formatting and scripts",
  "homepage": "/output/sex",
  "license": "",
  "settings": {
    "default_page_size": 50,
    "sql_time_limit_ms": 2000,
    "allow_download": true,
    "base_url": "/",
    "extra_css_urls": [
      "/custom/desktop.css?v=6"
    ],
    "extra_js_urls": [
      "/custom/click_to_filter.js?v=6",
      "/custom/map_overlay.js?v=6",
      "/custom/date_range_filter.js?v=6",
      "/custom/hide_sql_views.js?v=6"
    ]
  },
  "databases": {
    "output": {
      "tables": {
        "*": {
          "sortable_columns": true,
          "label_column": null
        },
        "sex": {
          "label_columns": {
            "partner_id": "partner.nome",
            "luogo_id": "luogo.indirizzo"
          }
        },
        "calendar_range": {
          "hidden": false
        }
      }
    }
  }
}
