{
  "title": "Datasette Output Dashboard",
  "description": "Dashboard con pagina Calendario (range), mappe e script automatici.",
  "databases": {
    "output": {
      "title": "Output",
      "queries": {
        "calendar_range": {
          "title": "Calendario (range)",
          "sql": "select giorno, tab, col, ts, link from calendar where (:from is null or giorno >= :from) and (:to is null or giorno <= :to) order by giorno desc, ts desc"
        },
        "luogo_mappa": {
          "title": "Mappa luoghi",
          "sql": "select id, indirizzo, lat, lon from luogo where lat is not null and lon is not null"
        }
      }
    }
  },
  "extra_css_urls": [
    "/custom/desktop.css"
  ],
  "extra_js_urls": [
    "/custom/timestamp_calendar_button.js?v=1"
  ],
  "allow_download": true
}